Timestamp,shoulder_pan,shoulder_lift,elbow,wrist_1,wrist_2,wrist_3
1729867609.1959057,-2.2029998938189905,-1.7271001974688929,-1.6007002035724085,-0.8079999128924769,1.5951000452041626,-0.03099996248354131
1729867609.204351,-2.2029998938189905,-1.7271001974688929,-1.6007002035724085,-0.8079999128924769,1.5951000452041626,-0.03099996248354131
1729867609.2127278,-2.2029998938189905,-1.7271001974688929,-1.6007002035724085,-0.8079999128924769,1.5951000452041626,-0.03099996248354131
1729867609.2210662,-2.2029998938189905,-1.7271001974688929,-1.6007002035724085,-0.8079999128924769,1.5951000452041626,-0.03099996248354131
1729867609.2294598,-2.2029998938189905,-1.7271001974688929,-1.6007002035724085,-0.8079999128924769,1.5951000452041626,-0.03099996248354131
1729867609.2378519,-2.2029998938189905,-1.7271001974688929,-1.6007002035724085,-0.8079999128924769,1.5951000452041626,-0.03099996248354131
1729867609.2462685,-2.2029998938189905,-1.7271001974688929,-1.6007002035724085,-0.8079999128924769,1.5951000452041626,-0.03099996248354131
1729867609.254725,-2.2029998938189905,-1.7271001974688929,-1.6007002035724085,-0.8079999128924769,1.5951000452041626,-0.03099996248354131
1729867609.263687,-2.2029998938189905,-1.7271001974688929,-1.6007002035724085,-0.8079999128924769,1.5951000452041626,-0.03099996248354131
1729867609.2720962,-2.2029998938189905,-1.7271001974688929,-1.6007002035724085,-0.8079999128924769,1.5951000452041626,-0.03099996248354131
1729867609.2806833,-2.2029998938189905,-1.7271001974688929,-1.6007002035724085,-0.8079999128924769,1.5951000452041626,-0.03099996248354131
1729867609.2892275,-2.2029998938189905,-1.7271001974688929,-1.6007002035724085,-0.8079999128924769,1.5951000452041626,-0.03099996248354131
1729867609.2970557,-2.2029998938189905,-1.7271001974688929,-1.6007002035724085,-0.8079999128924769,1.5951000452041626,-0.03099996248354131
1729867609.3056176,-2.2029998938189905,-1.7271001974688929,-1.6007002035724085,-0.8079999128924769,1.5951000452041626,-0.03099996248354131
1729867609.3139508,-2.2029998938189905,-1.7271001974688929,-1.6007002035724085,-0.8079999128924769,1.5951000452041626,-0.03099996248354131
1729867609.3218663,-2.2029998938189905,-1.7271001974688929,-1.6007002035724085,-0.8079999128924769,1.5951000452041626,-0.03099996248354131
1729867609.3303473,-2.2029998938189905,-1.7271001974688929,-1.6007002035724085,-0.8079999128924769,1.5951000452041626,-0.03099996248354131
1729867609.3386364,-2.2029998938189905,-1.7271001974688929,-1.6007002035724085,-0.8079999128924769,1.5951000452041626,-0.03099996248354131
1729867609.3471217,-2.2029998938189905,-1.7271001974688929,-1.6007002035724085,-0.8079999128924769,1.5951000452041626,-0.03099996248354131
1729867609.355454,-2.2029998938189905,-1.7271001974688929,-1.6007002035724085,-0.8079999128924769,1.5951000452041626,-0.03099996248354131
1729867609.3644836,-2.2029998938189905,-1.7271001974688929,-1.6007002035724085,-0.8079999128924769,1.5951000452041626,-0.03099996248354131
1729867609.372886,-2.2029998938189905,-1.7271001974688929,-1.6007002035724085,-0.8079999128924769,1.5951000452041626,-0.03099996248354131
1729867609.381397,-2.2029998938189905,-1.7271001974688929,-1.6007002035724085,-0.8079999128924769,1.5951000452041626,-0.03099996248354131
1729867609.3891919,-2.2029998938189905,-1.7271001974688929,-1.6007002035724085,-0.8079999128924769,1.5951000452041626,-0.03099996248354131
1729867609.3976154,-2.2029998938189905,-1.7271001974688929,-1.6007002035724085,-0.8079999128924769,1.5951000452041626,-0.03099996248354131
1729867609.4060907,-2.2029998938189905,-1.7271001974688929,-1.6007002035724085,-0.8079999128924769,1.5951000452041626,-0.03099996248354131
1729867609.414539,-2.2029998938189905,-1.7271001974688929,-1.6007002035724085,-0.8079999128924769,1.5951000452041626,-0.03099996248354131
1729867609.4230423,-2.2029998938189905,-1.7271001974688929,-1.6007002035724085,-0.8079999128924769,1.5951000452041626,-0.03099996248354131
1729867609.431609,-2.2029998938189905,-1.7271001974688929,-1.6007002035724085,-0.8079999128924769,1.5951000452041626,-0.03099996248354131
1729867609.4399939,-2.2029998938189905,-1.7271001974688929,-1.6007002035724085,-0.8079999128924769,1.5951000452041626,-0.03099996248354131
1729867609.4483235,-2.2029998938189905,-1.7271001974688929,-1.6007002035724085,-0.8079999128924769,1.5951000452041626,-0.03099996248354131
1729867609.4567413,-2.2029998938189905,-1.7271001974688929,-1.6007002035724085,-0.8079999128924769,1.5951000452041626,-0.03099996248354131
1729867609.465069,-2.2029998938189905,-1.7271001974688929,-1.6007002035724085,-0.8079999128924769,1.5951000452041626,-0.03099996248354131
1729867609.4734976,-2.2029998938189905,-1.7271001974688929,-1.6007002035724085,-0.8079999128924769,1.5951000452041626,-0.03099996248354131
1729867609.481836,-2.2029998938189905,-1.7271001974688929,-1.6007002035724085,-0.8079999128924769,1.5951000452041626,-0.03099996248354131
1729867609.4906566,-2.2029998938189905,-1.7271001974688929,-1.6007002035724085,-0.8079999128924769,1.5951000452041626,-0.03099996248354131
1729867609.4990036,-2.2029998938189905,-1.7271001974688929,-1.6007002035724085,-0.8079999128924769,1.5951000452041626,-0.03099996248354131
1729867609.507306,-2.2029998938189905,-1.7271001974688929,-1.6007002035724085,-0.8079999128924769,1.5951000452041626,-0.03099996248354131
1729867609.515629,-2.2029998938189905,-1.7271001974688929,-1.6007002035724085,-0.8079999128924769,1.5951000452041626,-0.03099996248354131
1729867609.5240655,-2.2029998938189905,-1.7271001974688929,-1.6007002035724085,-0.8079999128924769,1.5951000452041626,-0.03099996248354131
1729867609.5323267,-2.2029998938189905,-1.7271001974688929,-1.6007002035724085,-0.8079999128924769,1.5951000452041626,-0.03099996248354131
1729867609.5406997,-2.2029998938189905,-1.7271001974688929,-1.6007002035724085,-0.8079999128924769,1.5951000452041626,-0.03099996248354131
1729867609.5492167,-2.2029998938189905,-1.7271001974688929,-1.6007002035724085,-0.8079999128924769,1.5951000452041626,-0.03099996248354131
1729867609.5576303,-2.2029998938189905,-1.7271001974688929,-1.6007002035724085,-0.8079999128924769,1.5951000452041626,-0.03099996248354131
1729867609.5660615,-2.2029998938189905,-1.7271001974688929,-1.6007002035724085,-0.8079999128924769,1.5951000452041626,-0.03099996248354131
1729867609.5744722,-2.2029998938189905,-1.7271001974688929,-1.6007002035724085,-0.8079999128924769,1.5951000452041626,-0.03099996248354131
1729867609.582895,-2.2029998938189905,-1.7271001974688929,-1.6007002035724085,-0.8079999128924769,1.5951000452041626,-0.03099996248354131
1729867609.5913532,-2.2029998938189905,-1.7271001974688929,-1.6007002035724085,-0.8079999128924769,1.5951000452041626,-0.03099996248354131
1729867609.599795,-2.2029998938189905,-1.7271001974688929,-1.6007002035724085,-0.8079999128924769,1.5951000452041626,-0.03099996248354131
1729867609.6076937,-2.2029998938189905,-1.7271001974688929,-1.6007002035724085,-0.8079999128924769,1.5951000452041626,-0.03099996248354131
1729867609.6162002,-2.2029998938189905,-1.7271001974688929,-1.6007002035724085,-0.8079999128924769,1.5951000452041626,-0.03099996248354131
1729867609.6246614,-2.2029998938189905,-1.7271001974688929,-1.6007002035724085,-0.8079999128924769,1.5951000452041626,-0.03099996248354131
1729867609.6337557,-2.2029998938189905,-1.7271001974688929,-1.6007002035724085,-0.8079999128924769,1.5951000452041626,-0.03099996248354131
1729867609.6416564,-2.2029998938189905,-1.7271001974688929,-1.6007002035724085,-0.8079999128924769,1.5951000452041626,-0.03099996248354131
1729867609.650104,-2.2029998938189905,-1.7271001974688929,-1.6007002035724085,-0.8079999128924769,1.5951000452041626,-0.03099996248354131
1729867609.6591725,-2.2029998938189905,-1.7271001974688929,-1.6007002035724085,-0.8079999128924769,1.5951000452041626,-0.03099996248354131
1729867609.6675973,-2.2029998938189905,-1.7271001974688929,-1.6007002035724085,-0.8079999128924769,1.5951000452041626,-0.03099996248354131
1729867609.6756518,-2.2029998938189905,-1.7271001974688929,-1.6007002035724085,-0.8079999128924769,1.5951000452041626,-0.03099996248354131
1729867609.6841133,-2.2029998938189905,-1.7271001974688929,-1.6007002035724085,-0.8079999128924769,1.5951000452041626,-0.03099996248354131
1729867609.6925807,-2.2029998938189905,-1.7271001974688929,-1.6007002035724085,-0.8079999128924769,1.5951000452041626,-0.03099996248354131
1729867609.7010846,-2.2029998938189905,-1.7271001974688929,-1.6007002035724085,-0.8079999128924769,1.5951000452041626,-0.03099996248354131
1729867609.7095568,-2.2029998938189905,-1.7271001974688929,-1.6007002035724085,-0.8079999128924769,1.5951000452041626,-0.03099996248354131
1729867609.7180178,-2.2029998938189905,-1.7271001974688929,-1.6007002035724085,-0.8079999128924769,1.5951000452041626,-0.03099996248354131
1729867609.726464,-2.2029998938189905,-1.7271001974688929,-1.6007002035724085,-0.8079999128924769,1.5951000452041626,-0.03099996248354131
1729867609.7349412,-2.2029998938189905,-1.7271001974688929,-1.6007002035724085,-0.8079999128924769,1.5951000452041626,-0.03099996248354131
1729867609.7428362,-2.2029998938189905,-1.7271001974688929,-1.6007002035724085,-0.8079999128924769,1.5951000452041626,-0.03099996248354131
1729867609.7513142,-2.2029998938189905,-1.7271001974688929,-1.6007002035724085,-0.8079999128924769,1.5951000452041626,-0.03099996248354131
1729867609.7597284,-2.2029998938189905,-1.7271001974688929,-1.6007002035724085,-0.8079999128924769,1.5951000452041626,-0.03099996248354131
1729867609.7686746,-2.2029998938189905,-1.7271001974688929,-1.6007002035724085,-0.8079999128924769,1.5951000452041626,-0.03099996248354131
1729867609.7769995,-2.2029998938189905,-1.7271001974688929,-1.6007002035724085,-0.8079999128924769,1.5951000452041626,-0.03099996248354131
1729867609.7853653,-2.2029998938189905,-1.7271001974688929,-1.6007002035724085,-0.8079999128924769,1.5951000452041626,-0.03099996248354131
1729867609.7937665,-2.2029998938189905,-1.7271001974688929,-1.6007002035724085,-0.8079999128924769,1.5951000452041626,-0.03099996248354131
1729867609.8015893,-2.2029998938189905,-1.7271001974688929,-1.6007002035724085,-0.8079999128924769,1.5951000452041626,-0.03099996248354131
1729867609.8105378,-2.2029998938189905,-1.7271001974688929,-1.6007002035724085,-0.8079999128924769,1.5951000452041626,-0.03099996248354131
1729867609.8189929,-2.2029998938189905,-1.7271001974688929,-1.6007002035724085,-0.8079999128924769,1.5951000452041626,-0.03099996248354131
1729867609.8274398,-2.2029998938189905,-1.7271001974688929,-1.6007002035724085,-0.8079999128924769,1.5951000452041626,-0.03099996248354131
1729867609.836248,-2.2029998938189905,-1.7271001974688929,-1.6007002035724085,-0.8079999128924769,1.5951000452041626,-0.03099996248354131
1729867609.8441067,-2.2029998938189905,-1.7271001974688929,-1.6007002035724085,-0.8079999128924769,1.5951000452041626,-0.03099996248354131
1729867609.8525865,-2.2029998938189905,-1.7271001974688929,-1.6007002035724085,-0.8079999128924769,1.5951000452041626,-0.03099996248354131
1729867609.8609402,-2.2029998938189905,-1.7271001974688929,-1.6007002035724085,-0.8079999128924769,1.5951000452041626,-0.03099996248354131
1729867609.8693564,-2.2029998938189905,-1.7271001974688929,-1.6007002035724085,-0.8079999128924769,1.5951000452041626,-0.03099996248354131
1729867609.8782873,-2.2029998938189905,-1.7271001974688929,-1.6007002035724085,-0.8079999128924769,1.5951000452041626,-0.03099996248354131
1729867609.8866649,-2.2029998938189905,-1.7271001974688929,-1.6007002035724085,-0.8079999128924769,1.5951000452041626,-0.03099996248354131
1729867609.8951585,-2.2029998938189905,-1.7271001974688929,-1.6007002035724085,-0.8079999128924769,1.5951000452041626,-0.03099996248354131
1729867609.902929,-2.2029998938189905,-1.7271001974688929,-1.6007002035724085,-0.8079999128924769,1.5951000452041626,-0.03099996248354131
1729867609.91187,-2.2029998938189905,-1.7271001974688929,-1.6007002035724085,-0.8079999128924769,1.5951000452041626,-0.03099996248354131
1729867609.9203036,-2.2029998938189905,-1.7271001974688929,-1.6007002035724085,-0.8079999128924769,1.5951000452041626,-0.03099996248354131
1729867609.9287488,-2.2029998938189905,-1.7271001974688929,-1.6007002035724085,-0.8079999128924769,1.5951000452041626,-0.03099996248354131
1729867609.9371314,-2.2029998938189905,-1.7271001974688929,-1.6007002035724085,-0.8079999128924769,1.5951000452041626,-0.03099996248354131
1729867609.944981,-2.2029998938189905,-1.7271001974688929,-1.6007002035724085,-0.8079999128924769,1.5951000452041626,-0.03099996248354131
1729867609.9540513,-2.2029998938189905,-1.7271001974688929,-1.6007002035724085,-0.8079999128924769,1.5951000452041626,-0.03099996248354131
1729867609.9618576,-2.2029998938189905,-1.7271001974688929,-1.6007002035724085,-0.8079999128924769,1.5951000452041626,-0.03099996248354131
1729867609.9707165,-2.2029998938189905,-1.7271001974688929,-1.6007002035724085,-0.8079999128924769,1.5951000452041626,-0.03099996248354131
1729867609.979729,-2.2029998938189905,-1.7271001974688929,-1.6007002035724085,-0.8079999128924769,1.5951000452041626,-0.03099996248354131
1729867609.9881318,-2.2029998938189905,-1.7271001974688929,-1.6007002035724085,-0.8079999128924769,1.5951000452041626,-0.03099996248354131
1729867609.9959214,-2.2029998938189905,-1.7271001974688929,-1.6007002035724085,-0.8079999128924769,1.5951000452041626,-0.03099996248354131
1729867610.0043905,-2.2029998938189905,-1.7271001974688929,-1.6007002035724085,-0.8079999128924769,1.5951000452041626,-0.03099996248354131
1729867610.0141,-2.2029998938189905,-1.7271001974688929,-1.6007002035724085,-0.8079999128924769,1.5951000452041626,-0.03099996248354131
1729867610.022496,-2.2029998938189905,-1.7271001974688929,-1.6007002035724085,-0.8079999128924769,1.5951000452041626,-0.03099996248354131
1729867610.030833,-2.2029998938189905,-1.7271001974688929,-1.6007002035724085,-0.8079999128924769,1.5951000452041626,-0.03099996248354131
1729867610.0387623,-2.2029998938189905,-1.7271001974688929,-1.6007002035724085,-0.8079999128924769,1.5951000452041626,-0.03099996248354131
1729867610.0471556,-2.2029998938189905,-1.7271001974688929,-1.6007002035724085,-0.8079999128924769,1.5951000452041626,-0.03099996248354131
1729867610.0555274,-2.2029998938189905,-1.7271001974688929,-1.6007002035724085,-0.8079999128924769,1.5951000452041626,-0.03099996248354131
1729867610.063792,-2.2029998938189905,-1.7271001974688929,-1.6007002035724085,-0.8079999128924769,1.5951000452041626,-0.03099996248354131
1729867610.0721934,-2.2029998938189905,-1.7271001974688929,-1.6007002035724085,-0.8079999128924769,1.5951000452041626,-0.03099996248354131
1729867610.0807266,-2.2029998938189905,-1.7271001974688929,-1.6007002035724085,-0.8079999128924769,1.5951000452041626,-0.03099996248354131
1729867610.089149,-2.2029998938189905,-1.7271001974688929,-1.6007002035724085,-0.8079999128924769,1.5951000452041626,-0.03099996248354131
1729867610.0976388,-2.2029998938189905,-1.7271001974688929,-1.6007002035724085,-0.8079999128924769,1.5951000452041626,-0.03099996248354131
1729867610.1055448,-2.2029998938189905,-1.7271001974688929,-1.6007002035724085,-0.8079999128924769,1.5951000452041626,-0.03099996248354131
1729867610.1145234,-2.2029998938189905,-1.7271001974688929,-1.6007002035724085,-0.8079999128924769,1.5951000452041626,-0.03099996248354131
1729867610.1230059,-2.2029998938189905,-1.7271001974688929,-1.6007002035724085,-0.8079999128924769,1.5951000452041626,-0.03099996248354131
1729867610.1314318,-2.2029998938189905,-1.7271001974688929,-1.6007002035724085,-0.8079999128924769,1.5951000452041626,-0.03099996248354131
1729867610.1398673,-2.2029998938189905,-1.7271001974688929,-1.6007002035724085,-0.8079999128924769,1.5951000452041626,-0.03099996248354131
1729867610.148314,-2.2029998938189905,-1.7271001974688929,-1.6007002035724085,-0.8079999128924769,1.5951000452041626,-0.03099996248354131
1729867610.156148,-2.2029998938189905,-1.7271001974688929,-1.6007002035724085,-0.8079999128924769,1.5951000452041626,-0.03099996248354131
1729867610.1645782,-2.2029998938189905,-1.7271001974688929,-1.6007002035724085,-0.8079999128924769,1.5951000452041626,-0.03099996248354131
1729867610.172998,-2.2029998938189905,-1.7271001974688929,-1.6007002035724085,-0.8079999128924769,1.5951000452041626,-0.03099996248354131
1729867610.1814175,-2.2029998938189905,-1.7271001974688929,-1.6007002035724085,-0.8079999128924769,1.5951000452041626,-0.03099996248354131
1729867610.1898503,-2.2029998938189905,-1.7271001974688929,-1.6007002035724085,-0.8079999128924769,1.5951000452041626,-0.03099996248354131
1729867610.1982784,-2.2029998938189905,-1.7271001974688929,-1.6007002035724085,-0.8079999128924769,1.5951000452041626,-0.03099996248354131
1729867610.2067056,-2.2029998938189905,-1.7271001974688929,-1.6007002035724085,-0.8079999128924769,1.5951000452041626,-0.03099996248354131
1729867610.215096,-2.2029998938189905,-1.7271001974688929,-1.6007002035724085,-0.8079999128924769,1.5951000452041626,-0.03099996248354131
1729867610.2235975,-2.2029998938189905,-1.7271001974688929,-1.6007002035724085,-0.8079999128924769,1.5951000452041626,-0.03099996248354131
1729867610.2320106,-2.2029998938189905,-1.7271001974688929,-1.6007002035724085,-0.8079999128924769,1.5951000452041626,-0.03099996248354131
1729867610.2403948,-2.2029998938189905,-1.7271001974688929,-1.6007002035724085,-0.8079999128924769,1.5951000452041626,-0.03099996248354131
1729867610.2488623,-2.2029998938189905,-1.7271001974688929,-1.6007002035724085,-0.8079999128924769,1.5951000452041626,-0.03099996248354131
1729867610.2572184,-2.2029998938189905,-1.7271001974688929,-1.6007002035724085,-0.8079999128924769,1.5951000452041626,-0.03099996248354131
1729867610.265504,-2.2029998938189905,-1.7271001974688929,-1.6007002035724085,-0.8079999128924769,1.5951000452041626,-0.03099996248354131
1729867610.2738173,-2.2029998938189905,-1.7271001974688929,-1.6007002035724085,-0.8079999128924769,1.5951000452041626,-0.03099996248354131
1729867610.282794,-2.2029998938189905,-1.7271001974688929,-1.6007002035724085,-0.8079999128924769,1.5951000452041626,-0.03099996248354131
1729867610.2912397,-2.2029998938189905,-1.7271001974688929,-1.6007002035724085,-0.8079999128924769,1.5951000452041626,-0.03099996248354131
1729867610.2996805,-2.2029998938189905,-1.7271001974688929,-1.6007002035724085,-0.8079999128924769,1.5951000452041626,-0.03099996248354131
1729867610.3076131,-2.2029998938189905,-1.7271001974688929,-1.6007002035724085,-0.8079999128924769,1.5951000452041626,-0.03099996248354131
1729867610.3165448,-2.2029998938189905,-1.7271001974688929,-1.6007002035724085,-0.8079999128924769,1.5951000452041626,-0.03099996248354131
1729867610.3249698,-2.2029998938189905,-1.7271001974688929,-1.6007002035724085,-0.8079999128924769,1.5951000452041626,-0.03099996248354131
1729867610.3338544,-2.2029998938189905,-1.7271001974688929,-1.6007002035724085,-0.8079999128924769,1.5951000452041626,-0.03099996248354131
1729867610.342274,-2.2029998938189905,-1.7271001974688929,-1.6007002035724085,-0.8079999128924769,1.5951000452041626,-0.03099996248354131
1729867610.350714,-2.2029998938189905,-1.7271001974688929,-1.6007002035724085,-0.8079999128924769,1.5951000452041626,-0.03099996248354131
1729867610.359126,-2.2029998938189905,-1.7271001974688929,-1.6007002035724085,-0.8079999128924769,1.5951000452041626,-0.03099996248354131
1729867610.3675325,-2.2029998938189905,-1.7271001974688929,-1.6007002035724085,-0.8079999128924769,1.5951000452041626,-0.03099996248354131
1729867610.3760014,-2.2029998938189905,-1.7271001974688929,-1.6007002035724085,-0.8079999128924769,1.5951000452041626,-0.03099996248354131
1729867610.3843892,-2.2029998938189905,-1.7271001974688929,-1.6007002035724085,-0.8079999128924769,1.5951000452041626,-0.03099996248354131
1729867610.3931065,-2.2029998938189905,-1.7271001974688929,-1.6007002035724085,-0.8079999128924769,1.5951000452041626,-0.03099996248354131
1729867610.4013276,-2.2029998938189905,-1.7271001974688929,-1.6007002035724085,-0.8079999128924769,1.5951000452041626,-0.03099996248354131
1729867610.40978,-2.2029998938189905,-1.7271001974688929,-1.6007002035724085,-0.8079999128924769,1.5951000452041626,-0.03099996248354131
1729867610.4182162,-2.2029998938189905,-1.7271001974688929,-1.6007002035724085,-0.8079999128924769,1.5951000452041626,-0.03099996248354131
1729867610.4266784,-2.2029998938189905,-1.7271001974688929,-1.6007002035724085,-0.8079999128924769,1.5951000452041626,-0.03099996248354131
1729867610.4351106,-2.2029998938189905,-1.7271001974688929,-1.6007002035724085,-0.8079999128924769,1.5951000452041626,-0.03099996248354131
1729867610.4434726,-2.2029998938189905,-1.7271001974688929,-1.6007002035724085,-0.8079999128924769,1.5951000452041626,-0.03099996248354131
1729867610.4524117,-2.2029998938189905,-1.7271001974688929,-1.6007002035724085,-0.8079999128924769,1.5951000452041626,-0.03099996248354131
1729867610.4608011,-2.2029998938189905,-1.7271001974688929,-1.6007002035724085,-0.8079999128924769,1.5951000452041626,-0.03099996248354131
1729867610.4693236,-2.2029998938189905,-1.7271001974688929,-1.6007002035724085,-0.8079999128924769,1.5951000452041626,-0.03099996248354131
1729867610.4783263,-2.2029998938189905,-1.7271001974688929,-1.6007002035724085,-0.8079999128924769,1.5951000452041626,-0.03099996248354131
1729867610.4862056,-2.2029998938189905,-1.7271001974688929,-1.6007002035724085,-0.8079999128924769,1.5951000452041626,-0.03099996248354131
1729867610.4945467,-2.2029998938189905,-1.7271001974688929,-1.6007002035724085,-0.8079999128924769,1.5951000452041626,-0.03099996248354131
1729867610.5029812,-2.2029998938189905,-1.7271001974688929,-1.6007002035724085,-0.8079999128924769,1.5951000452041626,-0.03099996248354131
1729867610.511361,-2.2029998938189905,-1.7271001974688929,-1.6007002035724085,-0.8079999128924769,1.5951000452041626,-0.03099996248354131
1729867610.5197449,-2.2029998938189905,-1.7271001974688929,-1.6007002035724085,-0.8079999128924769,1.5951000452041626,-0.03099996248354131
1729867610.5288184,-2.2029998938189905,-1.7271001974688929,-1.6007002035724085,-0.8079999128924769,1.5951000452041626,-0.03099996248354131
1729867610.5371776,-2.2029998938189905,-1.7271001974688929,-1.6007002035724085,-0.8079999128924769,1.5951000452041626,-0.03099996248354131
1729867610.5449004,-2.2029998938189905,-1.7271001974688929,-1.6007002035724085,-0.8079999128924769,1.5951000452041626,-0.03099996248354131
1729867610.554519,-2.2029998938189905,-1.7271001974688929,-1.6007002035724085,-0.8079999128924769,1.5951000452041626,-0.03099996248354131
1729867610.562267,-2.2029998938189905,-1.7271001974688929,-1.6007002035724085,-0.8079999128924769,1.5951000452041626,-0.03099996248354131
1729867610.571243,-2.2029998938189905,-1.7271001974688929,-1.6007002035724085,-0.8079999128924769,1.5951000452041626,-0.03099996248354131
1729867610.579707,-2.2029998938189905,-1.7271001974688929,-1.6007002035724085,-0.8079999128924769,1.5951000452041626,-0.03099996248354131
1729867610.5874953,-2.2029998938189905,-1.7271001974688929,-1.6007002035724085,-0.8079999128924769,1.5951000452041626,-0.03099996248354131
1729867610.5958812,-2.2029998938189905,-1.7271001974688929,-1.6007002035724085,-0.8079999128924769,1.5951000452041626,-0.03099996248354131
1729867610.6041727,-2.2029998938189905,-1.7271001974688929,-1.6007002035724085,-0.8079999128924769,1.5951000452041626,-0.03099996248354131
1729867610.6125708,-2.2029998938189905,-1.7271001974688929,-1.6007002035724085,-0.8079999128924769,1.5951000452041626,-0.03099996248354131
1729867610.6210215,-2.2029998938189905,-1.7271001974688929,-1.6007002035724085,-0.8079999128924769,1.5951000452041626,-0.03099996248354131
1729867610.6294656,-2.2029998938189905,-1.7271001974688929,-1.6007002035724085,-0.8079999128924769,1.5951000452041626,-0.03099996248354131
1729867610.6380234,-2.2029998938189905,-1.7271001974688929,-1.6007002035724085,-0.8079999128924769,1.5951000452041626,-0.03099996248354131
1729867610.6463737,-2.2029998938189905,-1.7271001974688929,-1.6007002035724085,-0.8079999128924769,1.5951000452041626,-0.03099996248354131
1729867610.654857,-2.2029998938189905,-1.7271001974688929,-1.6007002035724085,-0.8079999128924769,1.5951000452041626,-0.03099996248354131
1729867610.6639323,-2.2029998938189905,-1.7271001974688929,-1.6007002035724085,-0.8079999128924769,1.5951000452041626,-0.03099996248354131
1729867610.6723292,-2.2029998938189905,-1.7271001974688929,-1.6007002035724085,-0.8079999128924769,1.5951000452041626,-0.03099996248354131
1729867610.680816,-2.2029998938189905,-1.7271001974688929,-1.6007002035724085,-0.8079999128924769,1.5951000452041626,-0.03099996248354131
1729867610.689269,-2.2029998938189905,-1.7271001974688929,-1.6007002035724085,-0.8079999128924769,1.5951000452041626,-0.03099996248354131
1729867610.6977844,-2.2029998938189905,-1.7271001974688929,-1.6007002035724085,-0.8079999128924769,1.5951000452041626,-0.03099996248354131
1729867610.7061524,-2.2029998938189905,-1.7271001974688929,-1.6007002035724085,-0.8079999128924769,1.5951000452041626,-0.03099996248354131
1729867610.7146318,-2.2029998938189905,-1.7271001974688929,-1.6007002035724085,-0.8079999128924769,1.5951000452041626,-0.03099996248354131
1729867610.7231047,-2.2029998938189905,-1.7271001974688929,-1.6007002035724085,-0.8079999128924769,1.5951000452041626,-0.03099996248354131
1729867610.7315106,-2.2029998938189905,-1.7271001974688929,-1.6007002035724085,-0.8079999128924769,1.5951000452041626,-0.03099996248354131
1729867610.7397985,-2.2029998938189905,-1.7271001974688929,-1.6007002035724085,-0.8079999128924769,1.5951000452041626,-0.03099996248354131
1729867610.7482216,-2.2029998938189905,-1.7271001974688929,-1.6007002035724085,-0.8079999128924769,1.5951000452041626,-0.03099996248354131
1729867610.7566268,-2.2029998938189905,-1.7271001974688929,-1.6007002035724085,-0.8079999128924769,1.5951000452041626,-0.03099996248354131
1729867610.7643588,-2.2029998938189905,-1.7271001974688929,-1.6007002035724085,-0.8079999128924769,1.5951000452041626,-0.03099996248354131
1729867610.772803,-2.2029998938189905,-1.7271001974688929,-1.6007002035724085,-0.8079999128924769,1.5951000452041626,-0.03099996248354131
1729867610.7812135,-2.2029998938189905,-1.7271001974688929,-1.6007002035724085,-0.8079999128924769,1.5951000452041626,-0.03099996248354131
1729867610.790216,-2.2029998938189905,-1.7271001974688929,-1.6007002035724085,-0.8079999128924769,1.5951000452041626,-0.03099996248354131
1729867610.7980797,-2.2029998938189905,-1.7271001974688929,-1.6007002035724085,-0.8079999128924769,1.5951000452041626,-0.03099996248354131
1729867610.8065605,-2.2029998938189905,-1.7271001974688929,-1.6007002035724085,-0.8079999128924769,1.5951000452041626,-0.03099996248354131
1729867610.814949,-2.2029998938189905,-1.7271001974688929,-1.6007002035724085,-0.8079999128924769,1.5951000452041626,-0.03099996248354131
1729867610.823506,-2.2029998938189905,-1.7271001974688929,-1.6007002035724085,-0.8079999128924769,1.5951000452041626,-0.03099996248354131
1729867610.8318322,-2.2029998938189905,-1.7271001974688929,-1.6007002035724085,-0.8079999128924769,1.5951000452041626,-0.03099996248354131
1729867610.8402202,-2.2029998938189905,-1.7271001974688929,-1.6007002035724085,-0.8079999128924769,1.5951000452041626,-0.03099996248354131
1729867610.8487542,-2.2029998938189905,-1.7271001974688929,-1.6007002035724085,-0.8079999128924769,1.5951000452041626,-0.03099996248354131
1729867610.857061,-2.2029998938189905,-1.7271001974688929,-1.6007002035724085,-0.8079999128924769,1.5951000452041626,-0.03099996248354131
1729867610.8649445,-2.2029998938189905,-1.7271001974688929,-1.6007002035724085,-0.8079999128924769,1.5951000452041626,-0.03099996248354131
1729867610.87341,-2.2029998938189905,-1.7271001974688929,-1.6007002035724085,-0.8079999128924769,1.5951000452041626,-0.03099996248354131
1729867610.8818557,-2.2029998938189905,-1.7271001974688929,-1.6007002035724085,-0.8079999128924769,1.5951000452041626,-0.03099996248354131
1729867610.8902504,-2.2029998938189905,-1.7271001974688929,-1.6007002035724085,-0.8079999128924769,1.5951000452041626,-0.03099996248354131
1729867610.8986835,-2.2029998938189905,-1.7271001974688929,-1.6007002035724085,-0.8079999128924769,1.5951000452041626,-0.03099996248354131
1729867610.9070065,-2.2029998938189905,-1.7271001974688929,-1.6007002035724085,-0.8079999128924769,1.5951000452041626,-0.03099996248354131
1729867610.9154744,-2.2029998938189905,-1.7271001974688929,-1.6007002035724085,-0.8079999128924769,1.5951000452041626,-0.03099996248354131
1729867610.9238749,-2.2029998938189905,-1.7271001974688929,-1.6007002035724085,-0.8079999128924769,1.5951000452041626,-0.03099996248354131
1729867610.9323876,-2.2029998938189905,-1.7271001974688929,-1.6007002035724085,-0.8079999128924769,1.5951000452041626,-0.03099996248354131
1729867610.940833,-2.2029998938189905,-1.7271001974688929,-1.6007002035724085,-0.8079999128924769,1.5951000452041626,-0.03099996248354131
1729867610.9491427,-2.2029998938189905,-1.7271001974688929,-1.6007002035724085,-0.8079999128924769,1.5951000452041626,-0.03099996248354131
1729867610.9569962,-2.2029998938189905,-1.7271001974688929,-1.6007002035724085,-0.8079999128924769,1.5951000452041626,-0.03099996248354131
1729867610.9653597,-2.2029998938189905,-1.7271001974688929,-1.6007002035724085,-0.8079999128924769,1.5951000452041626,-0.03099996248354131
1729867610.9744341,-2.2029998938189905,-1.7271001974688929,-1.6007002035724085,-0.8079999128924769,1.5951000452041626,-0.03099996248354131
1729867610.982738,-2.2029998938189905,-1.7271001974688929,-1.6007002035724085,-0.8079999128924769,1.5951000452041626,-0.03099996248354131
1729867610.9911997,-2.2029998938189905,-1.7271001974688929,-1.6007002035724085,-0.8079999128924769,1.5951000452041626,-0.03099996248354131
1729867610.9991112,-2.2029998938189905,-1.7271001974688929,-1.6007002035724085,-0.8079999128924769,1.5951000452041626,-0.03099996248354131
1729867611.007548,-2.2029998938189905,-1.7271001974688929,-1.6007002035724085,-0.8079999128924769,1.5951000452041626,-0.03099996248354131
1729867611.0159261,-2.2029998938189905,-1.7271001974688929,-1.6007002035724085,-0.8079999128924769,1.5951000452041626,-0.03099996248354131
1729867611.0249002,-2.2029998938189905,-1.7271001974688929,-1.6007002035724085,-0.8079999128924769,1.5951000452041626,-0.03099996248354131
1729867611.0332754,-2.2029998938189905,-1.7271001974688929,-1.6007002035724085,-0.8079999128924769,1.5951000452041626,-0.03099996248354131
1729867611.0417292,-2.2029998938189905,-1.7271001974688929,-1.6007002035724085,-0.8079999128924769,1.5951000452041626,-0.03099996248354131
1729867611.0497732,-2.2029998938189905,-1.7271001974688929,-1.6007002035724085,-0.8079999128924769,1.5951000452041626,-0.03099996248354131
1729867611.058081,-2.2029998938189905,-1.7271001974688929,-1.6007002035724085,-0.8079999128924769,1.5951000452041626,-0.03099996248354131
1729867611.0664911,-2.2029998938189905,-1.7271001974688929,-1.6007002035724085,-0.8079999128924769,1.5951000452041626,-0.03099996248354131
1729867611.0749724,-2.2029998938189905,-1.7271001974688929,-1.6007002035724085,-0.8079999128924769,1.5951000452041626,-0.03099996248354131
1729867611.0845053,-2.2029998938189905,-1.7271001974688929,-1.6007002035724085,-0.8079999128924769,1.5951000452041626,-0.03099996248354131
1729867611.0928996,-2.2029998938189905,-1.7271001974688929,-1.6007002035724085,-0.8079999128924769,1.5951000452041626,-0.03099996248354131
1729867611.1012228,-2.2029998938189905,-1.7271001974688929,-1.6007002035724085,-0.8079999128924769,1.5951000452041626,-0.03099996248354131
1729867611.1096587,-2.2029998938189905,-1.7271001974688929,-1.6007002035724085,-0.8079999128924769,1.5951000452041626,-0.03099996248354131
1729867611.1175797,-2.2029998938189905,-1.7271001974688929,-1.6007002035724085,-0.8079999128924769,1.5951000452041626,-0.03099996248354131
1729867611.1260853,-2.2029998938189905,-1.7271001974688929,-1.6007002035724085,-0.8079999128924769,1.5951000452041626,-0.03099996248354131
1729867611.1344228,-2.2029998938189905,-1.7271001974688929,-1.6007002035724085,-0.8079999128924769,1.5951000452041626,-0.03099996248354131
1729867611.1427739,-2.2029998938189905,-1.7271001974688929,-1.6007002035724085,-0.8079999128924769,1.5951000452041626,-0.03099996248354131
1729867611.151273,-2.2029998938189905,-1.7271001974688929,-1.6007002035724085,-0.8079999128924769,1.5951000452041626,-0.03099996248354131
1729867611.1597352,-2.2029998938189905,-1.7271001974688929,-1.6007002035724085,-0.8079999128924769,1.5951000452041626,-0.03099996248354131
1729867611.168137,-2.2029998938189905,-1.7271001974688929,-1.6007002035724085,-0.8079999128924769,1.5951000452041626,-0.03099996248354131
1729867611.1766562,-2.2029998938189905,-1.7271001974688929,-1.6007002035724085,-0.8079999128924769,1.5951000452041626,-0.03099996248354131
1729867611.1850626,-2.2029998938189905,-1.7271001974688929,-1.6007002035724085,-0.8079999128924769,1.5951000452041626,-0.03099996248354131
1729867611.1934335,-2.2029998938189905,-1.7271001974688929,-1.6007002035724085,-0.8079999128924769,1.5951000452041626,-0.03099996248354131
1729867611.2018948,-2.2029998938189905,-1.7271001974688929,-1.6007002035724085,-0.8079999128924769,1.5951000452041626,-0.03099996248354131
1729867611.2097726,-2.2029998938189905,-1.7271001974688929,-1.6007002035724085,-0.8079999128924769,1.5951000452041626,-0.03099996248354131
1729867611.2186978,-2.2029998938189905,-1.7271001974688929,-1.6007002035724085,-0.8079999128924769,1.5951000452041626,-0.03099996248354131
1729867611.227114,-2.2029998938189905,-1.7271001974688929,-1.6007002035724085,-0.8079999128924769,1.5951000452041626,-0.03099996248354131
1729867611.2355764,-2.2029998938189905,-1.7271001974688929,-1.6007002035724085,-0.8079999128924769,1.5951000452041626,-0.03099996248354131
1729867611.2440276,-2.2029998938189905,-1.7271001974688929,-1.6007002035724085,-0.8079999128924769,1.5951000452041626,-0.03099996248354131
1729867611.2524369,-2.2029998938189905,-1.7271001974688929,-1.6007002035724085,-0.8079999128924769,1.5951000452041626,-0.03099996248354131
1729867611.2609243,-2.2029998938189905,-1.7271001974688929,-1.6007002035724085,-0.8079999128924769,1.5951000452041626,-0.03099996248354131
1729867611.2693489,-2.2029998938189905,-1.7271001974688929,-1.6007002035724085,-0.8079999128924769,1.5951000452041626,-0.03099996248354131
1729867611.2778344,-2.2029998938189905,-1.7271001974688929,-1.6007002035724085,-0.8079999128924769,1.5951000452041626,-0.03099996248354131
1729867611.2862134,-2.2029998938189905,-1.7271001974688929,-1.6007002035724085,-0.8079999128924769,1.5951000452041626,-0.03099996248354131
1729867611.2945838,-2.2029998938189905,-1.7271001974688929,-1.6007002035724085,-0.8079999128924769,1.5951000452041626,-0.03099996248354131
1729867611.3024392,-2.2029998938189905,-1.7271001974688929,-1.6007002035724085,-0.8079999128924769,1.5951000452041626,-0.03099996248354131
1729867611.3108685,-2.2029998938189905,-1.7271001974688929,-1.6007002035724085,-0.8079999128924769,1.5951000452041626,-0.03099996248354131
1729867611.3198812,-2.2029998938189905,-1.7271001974688929,-1.6007002035724085,-0.8079999128924769,1.5951000452041626,-0.03099996248354131
1729867611.328389,-2.2029998938189905,-1.7271001974688929,-1.6007002035724085,-0.8079999128924769,1.5951000452041626,-0.03099996248354131
1729867611.3368087,-2.2029998938189905,-1.7271001974688929,-1.6007002035724085,-0.8079999128924769,1.5951000452041626,-0.03099996248354131
1729867611.3451717,-2.2029998938189905,-1.7271001974688929,-1.6007002035724085,-0.8079999128924769,1.5951000452041626,-0.03099996248354131
1729867611.3536003,-2.2029998938189905,-1.7271001974688929,-1.6007002035724085,-0.8079999128924769,1.5951000452041626,-0.03099996248354131
1729867611.3638222,-2.2029998938189905,-1.7271001974688929,-1.6007002035724085,-0.8079999128924769,1.5951000452041626,-0.03099996248354131
1729867611.3716624,-2.2029998938189905,-1.7271001974688929,-1.6007002035724085,-0.8079999128924769,1.5951000452041626,-0.03099996248354131
1729867611.3800395,-2.2029998938189905,-1.7271001974688929,-1.6007002035724085,-0.8079999128924769,1.5951000452041626,-0.03099996248354131
1729867611.3882968,-2.2029998938189905,-1.7271001974688929,-1.6007002035724085,-0.8079999128924769,1.5951000452041626,-0.03099996248354131
1729867611.3966985,-2.2029998938189905,-1.7271001974688929,-1.6007002035724085,-0.8079999128924769,1.5951000452041626,-0.03099996248354131
1729867611.405126,-2.2029998938189905,-1.7271001974688929,-1.6007002035724085,-0.8079999128924769,1.5951000452041626,-0.03099996248354131
1729867611.4136147,-2.2029998938189905,-1.7271001974688929,-1.6007002035724085,-0.8079999128924769,1.5951000452041626,-0.03099996248354131
1729867611.4214637,-2.2029998938189905,-1.7271001974688929,-1.6007002035724085,-0.8079999128924769,1.5951000452041626,-0.03099996248354131
1729867611.429886,-2.2029998938189905,-1.7271001974688929,-1.6007002035724085,-0.8079999128924769,1.5951000452041626,-0.03099996248354131
1729867611.4383435,-2.2029998938189905,-1.7271001974688929,-1.6007002035724085,-0.8079999128924769,1.5951000452041626,-0.03099996248354131
1729867611.446756,-2.2029998938189905,-1.7271001974688929,-1.6007002035724085,-0.8079999128924769,1.5951000452041626,-0.03099996248354131
1729867611.4552853,-2.2029998938189905,-1.7271001974688929,-1.6007002035724085,-0.8079999128924769,1.5951000452041626,-0.03099996248354131
1729867611.4630897,-2.2029998938189905,-1.7271001974688929,-1.6007002035724085,-0.8079999128924769,1.5951000452041626,-0.03099996248354131
1729867611.4720414,-2.2029998938189905,-1.7271001974688929,-1.6007002035724085,-0.8079999128924769,1.5951000452041626,-0.03099996248354131
1729867611.4804595,-2.2029998938189905,-1.7271001974688929,-1.6007002035724085,-0.8079999128924769,1.5951000452041626,-0.03099996248354131
1729867611.4888408,-2.2029998938189905,-1.7271001974688929,-1.6007002035724085,-0.8079999128924769,1.5951000452041626,-0.03099996248354131
1729867611.4971738,-2.2029998938189905,-1.7271001974688929,-1.6007002035724085,-0.8079999128924769,1.5951000452041626,-0.03099996248354131
1729867611.5050812,-2.2029998938189905,-1.7271001974688929,-1.6007002035724085,-0.8079999128924769,1.5951000452041626,-0.03099996248354131
1729867611.5135753,-2.2029998938189905,-1.7271001974688929,-1.6007002035724085,-0.8079999128924769,1.5951000452041626,-0.03099996248354131
1729867611.5226214,-2.2029998938189905,-1.7271001974688929,-1.6007002035724085,-0.8079999128924769,1.5951000452041626,-0.03099996248354131
1729867611.5305486,-2.2029998938189905,-1.7271001974688929,-1.6007002035724085,-0.8079999128924769,1.5951000452041626,-0.03099996248354131
1729867611.5389206,-2.2029998938189905,-1.7271001974688929,-1.6007002035724085,-0.8079999128924769,1.5951000452041626,-0.03099996248354131
1729867611.5473526,-2.2029998938189905,-1.7271001974688929,-1.6007002035724085,-0.8079999128924769,1.5951000452041626,-0.03099996248354131
1729867611.5557718,-2.2029998938189905,-1.7271001974688929,-1.6007002035724085,-0.8079999128924769,1.5951000452041626,-0.03099996248354131
1729867611.5642083,-2.2029998938189905,-1.7271001974688929,-1.6007002035724085,-0.8079999128924769,1.5951000452041626,-0.03099996248354131
1729867611.5726254,-2.2029998938189905,-1.7271001974688929,-1.6007002035724085,-0.8079999128924769,1.5951000452041626,-0.03099996248354131
1729867611.5812175,-2.2029998938189905,-1.7271001974688929,-1.6007002035724085,-0.8079999128924769,1.5951000452041626,-0.03099996248354131
1729867611.5897267,-2.2029998938189905,-1.7271001974688929,-1.6007002035724085,-0.8079999128924769,1.5951000452041626,-0.03099996248354131
1729867611.5975373,-2.2029998938189905,-1.7271001974688929,-1.6007002035724085,-0.8079999128924769,1.5951000452041626,-0.03099996248354131
1729867611.6059883,-2.2029998938189905,-1.7271001974688929,-1.6007002035724085,-0.8079999128924769,1.5951000452041626,-0.03099996248354131
1729867611.6143143,-2.2029998938189905,-1.7271001974688929,-1.6007002035724085,-0.8079999128924769,1.5951000452041626,-0.03099996248354131
1729867611.6226676,-2.2029998938189905,-1.7271001974688929,-1.6007002035724085,-0.8079999128924769,1.5951000452041626,-0.03099996248354131
1729867611.6310904,-2.2029998938189905,-1.7271001974688929,-1.6007002035724085,-0.8079999128924769,1.5951000452041626,-0.03099996248354131
1729867611.639591,-2.2029998938189905,-1.7271001974688929,-1.6007002035724085,-0.8079999128924769,1.5951000452041626,-0.03099996248354131
1729867611.648036,-2.2029998938189905,-1.7271001974688929,-1.6007002035724085,-0.8079999128924769,1.5951000452041626,-0.03099996248354131
1729867611.6563444,-2.2029998938189905,-1.7271001974688929,-1.6007002035724085,-0.8079999128924769,1.5951000452041626,-0.03099996248354131
1729867611.6646671,-2.2029998938189905,-1.7271001974688929,-1.6007002035724085,-0.8079999128924769,1.5951000452041626,-0.03099996248354131
1729867611.6741397,-2.2029998938189905,-1.7271001974688929,-1.6007002035724085,-0.8079999128924769,1.5951000452041626,-0.03099996248354131
1729867611.6826246,-2.2029998938189905,-1.7271001974688929,-1.6007002035724085,-0.8079999128924769,1.5951000452041626,-0.03099996248354131
1729867611.69099,-2.2029998938189905,-1.7271001974688929,-1.6007002035724085,-0.8079999128924769,1.5951000452041626,-0.03099996248354131
1729867611.6994207,-2.2029998938189905,-1.7271001974688929,-1.6007002035724085,-0.8079999128924769,1.5951000452041626,-0.03099996248354131
1729867611.7078063,-2.2029998938189905,-1.7271001974688929,-1.6007002035724085,-0.8079999128924769,1.5951000452041626,-0.03099996248354131
1729867611.7157166,-2.2029998938189905,-1.7271001974688929,-1.6007002035724085,-0.8079999128924769,1.5951000452041626,-0.03099996248354131
1729867611.724689,-2.2029998938189905,-1.7271001974688929,-1.6007002035724085,-0.8079999128924769,1.5951000452041626,-0.03099996248354131
1729867611.733679,-2.2029998938189905,-1.7271001974688929,-1.6007002035724085,-0.8079999128924769,1.5951000452041626,-0.03099996248354131
1729867611.742092,-2.2029998938189905,-1.7271001974688929,-1.6007002035724085,-0.8079999128924769,1.5951000452041626,-0.03099996248354131
1729867611.7506173,-2.2029998938189905,-1.7271001974688929,-1.6007002035724085,-0.8079999128924769,1.5951000452041626,-0.03099996248354131
1729867611.7589803,-2.2029998938189905,-1.7271001974688929,-1.6007002035724085,-0.8079999128924769,1.5951000452041626,-0.03099996248354131
1729867611.7674491,-2.2029998938189905,-1.7271001974688929,-1.6007002035724085,-0.8079999128924769,1.5951000452041626,-0.03099996248354131
1729867611.7753782,-2.2029998938189905,-1.7271001974688929,-1.6007002035724085,-0.8079999128924769,1.5951000452041626,-0.03099996248354131
1729867611.7837703,-2.2029998938189905,-1.7271001974688929,-1.6007002035724085,-0.8079999128924769,1.5951000452041626,-0.03099996248354131
1729867611.7922206,-2.2029998938189905,-1.7271001974688929,-1.6007002035724085,-0.8079999128924769,1.5951000452041626,-0.03099996248354131
1729867611.8007174,-2.2029998938189905,-1.7271001974688929,-1.6007002035724085,-0.8079999128924769,1.5951000452041626,-0.03099996248354131
1729867611.809063,-2.2029998938189905,-1.7271001974688929,-1.6007002035724085,-0.8079999128924769,1.5951000452041626,-0.03099996248354131
1729867611.8172925,-2.2029998938189905,-1.7271001974688929,-1.6007002035724085,-0.8079999128924769,1.5951000452041626,-0.03099996248354131
1729867611.8258412,-2.2029998938189905,-1.7271001974688929,-1.6007002035724085,-0.8079999128924769,1.5951000452041626,-0.03099996248354131
1729867611.8336735,-2.2029998938189905,-1.7271001974688929,-1.6007002035724085,-0.8079999128924769,1.5951000452041626,-0.03099996248354131
1729867611.842107,-2.2029998938189905,-1.7271001974688929,-1.6007002035724085,-0.8079999128924769,1.5951000452041626,-0.03099996248354131
1729867611.8505385,-2.2029998938189905,-1.7271001974688929,-1.6007002035724085,-0.8079999128924769,1.5951000452041626,-0.03099996248354131
1729867611.8589954,-2.2029998938189905,-1.7271001974688929,-1.6007002035724085,-0.8079999128924769,1.5951000452041626,-0.03099996248354131
1729867611.8675349,-2.2029998938189905,-1.7271001974688929,-1.6007002035724085,-0.8079999128924769,1.5951000452041626,-0.03099996248354131
1729867611.8759494,-2.2029998938189905,-1.7271001974688929,-1.6007002035724085,-0.8079999128924769,1.5951000452041626,-0.03099996248354131
1729867611.8848577,-2.2029998938189905,-1.7271001974688929,-1.6007002035724085,-0.8079999128924769,1.5951000452041626,-0.03099996248354131
1729867611.8932874,-2.2029998938189905,-1.7271001974688929,-1.6007002035724085,-0.8079999128924769,1.5951000452041626,-0.03099996248354131
1729867611.901203,-2.2029998938189905,-1.7271001974688929,-1.6007002035724085,-0.8079999128924769,1.5951000452041626,-0.03099996248354131
1729867611.909685,-2.2029998938189905,-1.7271001974688929,-1.6007002035724085,-0.8079999128924769,1.5951000452041626,-0.03099996248354131
1729867611.9180398,-2.2029998938189905,-1.7271001974688929,-1.6007002035724085,-0.8079999128924769,1.5951000452041626,-0.03099996248354131
1729867611.9264796,-2.2029998938189905,-1.7271001974688929,-1.6007002035724085,-0.8079999128924769,1.5951000452041626,-0.03099996248354131
1729867611.9349208,-2.2029998938189905,-1.7271001974688929,-1.6007002035724085,-0.8079999128924769,1.5951000452041626,-0.03099996248354131
1729867611.9433832,-2.2029998938189905,-1.7271001974688929,-1.6007002035724085,-0.8079999128924769,1.5951000452041626,-0.03099996248354131
1729867611.9518235,-2.2029998938189905,-1.7271001974688929,-1.6007002035724085,-0.8079999128924769,1.5951000452041626,-0.03099996248354131
1729867611.9602554,-2.2029998938189905,-1.7271001974688929,-1.6007002035724085,-0.8079999128924769,1.5951000452041626,-0.03099996248354131
1729867611.9686573,-2.2029998938189905,-1.7271001974688929,-1.6007002035724085,-0.8079999128924769,1.5951000452041626,-0.03099996248354131
1729867611.9771383,-2.2029998938189905,-1.7271001974688929,-1.6007002035724085,-0.8079999128924769,1.5951000452041626,-0.03099996248354131
1729867611.9855325,-2.2029998938189905,-1.7271001974688929,-1.6007002035724085,-0.8079999128924769,1.5951000452041626,-0.03099996248354131
1729867611.9938579,-2.2029998938189905,-1.7271001974688929,-1.6007002035724085,-0.8079999128924769,1.5951000452041626,-0.03099996248354131
1729867612.0022488,-2.2029998938189905,-1.7271001974688929,-1.6007002035724085,-0.8079999128924769,1.5951000452041626,-0.03099996248354131
1729867612.0107062,-2.2029998938189905,-1.7271001974688929,-1.6007002035724085,-0.8079999128924769,1.5951000452041626,-0.03099996248354131
1729867612.0191486,-2.2029998938189905,-1.7271001974688929,-1.6007002035724085,-0.8079999128924769,1.5951000452041626,-0.03099996248354131
1729867612.0276127,-2.2029998938189905,-1.7271001974688929,-1.6007002035724085,-0.8079999128924769,1.5951000452041626,-0.03099996248354131
1729867612.0360656,-2.2029998938189905,-1.7271001974688929,-1.6007002035724085,-0.8079999128924769,1.5951000452041626,-0.03099996248354131
1729867612.0444477,-2.2029998938189905,-1.7271001974688929,-1.6007002035724085,-0.8079999128924769,1.5951000452041626,-0.03099996248354131
1729867612.0527687,-2.2029998938189905,-1.7271001974688929,-1.6007002035724085,-0.8079999128924769,1.5951000452041626,-0.03099996248354131
1729867612.0611925,-2.2029998938189905,-1.7271001974688929,-1.6007002035724085,-0.8079999128924769,1.5951000452041626,-0.03099996248354131
1729867612.069627,-2.2029998938189905,-1.7271001974688929,-1.6007002035724085,-0.8079999128924769,1.5951000452041626,-0.03099996248354131
1729867612.078225,-2.2029998938189905,-1.7271001974688929,-1.6007002035724085,-0.8079999128924769,1.5951000452041626,-0.03099996248354131
1729867612.0866027,-2.2029998938189905,-1.7271001974688929,-1.6007002035724085,-0.8079999128924769,1.5951000452041626,-0.03099996248354131
1729867612.0955095,-2.2029998938189905,-1.7271001974688929,-1.6007002035724085,-0.8079999128924769,1.5951000452041626,-0.03099996248354131
1729867612.1044922,-2.2029998938189905,-1.7271001974688929,-1.6007002035724085,-0.8079999128924769,1.5951000452041626,-0.03099996248354131
1729867612.1129148,-2.2029998938189905,-1.7271001974688929,-1.6007002035724085,-0.8079999128924769,1.5951000452041626,-0.03099996248354131
1729867612.1211555,-2.2029998938189905,-1.7271001974688929,-1.6007002035724085,-0.8079999128924769,1.5951000452041626,-0.03099996248354131
1729867612.1296751,-2.2029998938189905,-1.7271001974688929,-1.6007002035724085,-0.8079999128924769,1.5951000452041626,-0.03099996248354131
1729867612.1381238,-2.2029998938189905,-1.7271001974688929,-1.6007002035724085,-0.8079999128924769,1.5951000452041626,-0.03099996248354131
1729867612.1465533,-2.2029998938189905,-1.7271001974688929,-1.6007002035724085,-0.8079999128924769,1.5951000452041626,-0.03099996248354131
1729867612.1549597,-2.2029998938189905,-1.7271001974688929,-1.6007002035724085,-0.8079999128924769,1.5951000452041626,-0.03099996248354131
1729867612.1639485,-2.2029998938189905,-1.7271001974688929,-1.6007002035724085,-0.8079999128924769,1.5951000452041626,-0.03099996248354131
1729867612.1723032,-2.2029998938189905,-1.7271001974688929,-1.6007002035724085,-0.8079999128924769,1.5951000452041626,-0.03099996248354131
1729867612.1807163,-2.2029998938189905,-1.7271001974688929,-1.6007002035724085,-0.8079999128924769,1.5951000452041626,-0.03099996248354131
1729867612.189063,-2.2029998938189905,-1.7271001974688929,-1.6007002035724085,-0.8079999128924769,1.5951000452041626,-0.03099996248354131
1729867612.1974328,-2.2029998938189905,-1.7271001974688929,-1.6007002035724085,-0.8079999128924769,1.5951000452041626,-0.03099996248354131
1729867612.2058775,-2.2029998938189905,-1.7271001974688929,-1.6007002035724085,-0.8079999128924769,1.5951000452041626,-0.03099996248354131
1729867612.2142804,-2.2029998938189905,-1.7271001974688929,-1.6007002035724085,-0.8079999128924769,1.5951000452041626,-0.03099996248354131
1729867612.2226408,-2.2029998938189905,-1.7271001974688929,-1.6007002035724085,-0.8079999128924769,1.5951000452041626,-0.03099996248354131
1729867612.231063,-2.2029998938189905,-1.7271001974688929,-1.6007002035724085,-0.8079999128924769,1.5951000452041626,-0.03099996248354131
1729867612.239477,-2.2029998938189905,-1.7271001974688929,-1.6007002035724085,-0.8079999128924769,1.5951000452041626,-0.03099996248354131
1729867612.24798,-2.2029998938189905,-1.7271001974688929,-1.6007002035724085,-0.8079999128924769,1.5951000452041626,-0.03099996248354131
1729867612.2563393,-2.2029998938189905,-1.7271001974688929,-1.6007002035724085,-0.8079999128924769,1.5951000452041626,-0.03099996248354131
1729867612.264694,-2.2029998938189905,-1.7271001974688929,-1.6007002035724085,-0.8079999128924769,1.5951000452041626,-0.03099996248354131
1729867612.2731261,-2.2029998938189905,-1.7271001974688929,-1.6007002035724085,-0.8079999128924769,1.5951000452041626,-0.03099996248354131
1729867612.281481,-2.2029998938189905,-1.7271001974688929,-1.6007002035724085,-0.8079999128924769,1.5951000452041626,-0.03099996248354131
1729867612.2900162,-2.2029998938189905,-1.7271001974688929,-1.6007002035724085,-0.8079999128924769,1.5951000452041626,-0.03099996248354131
1729867612.2977593,-2.2029998938189905,-1.7271001974688929,-1.6007002035724085,-0.8079999128924769,1.5951000452041626,-0.03099996248354131
1729867612.306102,-2.2029998938189905,-1.7271001974688929,-1.6007002035724085,-0.8079999128924769,1.5951000452041626,-0.03099996248354131
1729867612.3145216,-2.2029998938189905,-1.7271001974688929,-1.6007002035724085,-0.8079999128924769,1.5951000452041626,-0.03099996248354131
1729867612.3235292,-2.2029998938189905,-1.7271001974688929,-1.6007002035724085,-0.8079999128924769,1.5951000452041626,-0.03099996248354131
1729867612.3319168,-2.2029998938189905,-1.7271001974688929,-1.6007002035724085,-0.8079999128924769,1.5951000452041626,-0.03099996248354131
1729867612.3402545,-2.2029998938189905,-1.7271001974688929,-1.6007002035724085,-0.8079999128924769,1.5951000452041626,-0.03099996248354131
1729867612.3487337,-2.2029998938189905,-1.7271001974688929,-1.6007002035724085,-0.8079999128924769,1.5951000452041626,-0.03099996248354131
1729867612.3571029,-2.2029998938189905,-1.7271001974688929,-1.6007002035724085,-0.8079999128924769,1.5951000452041626,-0.03099996248354131
1729867612.3655365,-2.2029998938189905,-1.7271001974688929,-1.6007002035724085,-0.8079999128924769,1.5951000452041626,-0.03099996248354131
1729867612.3739486,-2.2029998938189905,-1.7271001974688929,-1.6007002035724085,-0.8079999128924769,1.5951000452041626,-0.03099996248354131
1729867612.3824077,-2.2029998938189905,-1.7271001974688929,-1.6007002035724085,-0.8079999128924769,1.5951000452041626,-0.03099996248354131
1729867612.3908045,-2.2029998938189905,-1.7271001974688929,-1.6007002035724085,-0.8079999128924769,1.5951000452041626,-0.03099996248354131
1729867612.3986459,-2.2029998938189905,-1.7271001974688929,-1.6007002035724085,-0.8079999128924769,1.5951000452041626,-0.03099996248354131
1729867612.4070656,-2.2029998938189905,-1.7271001974688929,-1.6007002035724085,-0.8079999128924769,1.5951000452041626,-0.03099996248354131
1729867612.4154694,-2.2029998938189905,-1.7271001974688929,-1.6007002035724085,-0.8079999128924769,1.5951000452041626,-0.03099996248354131
1729867612.4243824,-2.2029998938189905,-1.7271001974688929,-1.6007002035724085,-0.8079999128924769,1.5951000452041626,-0.03099996248354131
1729867612.4327648,-2.2029998938189905,-1.7271001974688929,-1.6007002035724085,-0.8079999128924769,1.5951000452041626,-0.03099996248354131
1729867612.4411843,-2.2029998938189905,-1.7271001974688929,-1.6007002035724085,-0.8079999128924769,1.5951000452041626,-0.03099996248354131
1729867612.4496424,-2.2029998938189905,-1.7271001974688929,-1.6007002035724085,-0.8079999128924769,1.5951000452041626,-0.03099996248354131
1729867612.458065,-2.2029998938189905,-1.7271001974688929,-1.6007002035724085,-0.8079999128924769,1.5951000452041626,-0.03099996248354131
1729867612.466375,-2.2029998938189905,-1.7271001974688929,-1.6007002035724085,-0.8079999128924769,1.5951000452041626,-0.03099996248354131
1729867612.4754765,-2.2029998938189905,-1.7271001974688929,-1.6007002035724085,-0.8079999128924769,1.5951000452041626,-0.03099996248354131
1729867612.4837966,-2.2029998938189905,-1.7271001974688929,-1.6007002035724085,-0.8079999128924769,1.5951000452041626,-0.03099996248354131
1729867612.492182,-2.2029998938189905,-1.7271001974688929,-1.6007002035724085,-0.8079999128924769,1.5951000452041626,-0.03099996248354131
1729867612.5006928,-2.2029998938189905,-1.7271001974688929,-1.6007002035724085,-0.8079999128924769,1.5951000452041626,-0.03099996248354131
1729867612.508583,-2.2029998938189905,-1.7271001974688929,-1.6007002035724085,-0.8079999128924769,1.5951000452041626,-0.03099996248354131
1729867612.5175898,-2.2029998938189905,-1.7271001974688929,-1.6007002035724085,-0.8079999128924769,1.5951000452041626,-0.03099996248354131
1729867612.5256383,-2.2029998938189905,-1.7271001974688929,-1.6007002035724085,-0.8079999128924769,1.5951000452041626,-0.03099996248354131
1729867612.5340729,-2.2029998938189905,-1.7271001974688929,-1.6007002035724085,-0.8079999128924769,1.5951000452041626,-0.03099996248354131
1729867612.5430532,-2.2029998938189905,-1.7271001974688929,-1.6007002035724085,-0.8079999128924769,1.5951000452041626,-0.03099996248354131
1729867612.5515919,-2.2029998938189905,-1.7271001974688929,-1.6007002035724085,-0.8079999128924769,1.5951000452041626,-0.03099996248354131
1729867612.5599282,-2.2029998938189905,-1.7271001974688929,-1.6007002035724085,-0.8079999128924769,1.5951000452041626,-0.03099996248354131
1729867612.5682974,-2.2029998938189905,-1.7271001974688929,-1.6007002035724085,-0.8079999128924769,1.5951000452041626,-0.03099996248354131
1729867612.576741,-2.2029998938189905,-1.7271001974688929,-1.6007002035724085,-0.8079999128924769,1.5951000452041626,-0.03099996248354131
1729867612.5857594,-2.2029998938189905,-1.7271001974688929,-1.6007002035724085,-0.8079999128924769,1.5951000452041626,-0.03099996248354131
1729867612.5942073,-2.2029998938189905,-1.7271001974688929,-1.6007002035724085,-0.8079999128924769,1.5951000452041626,-0.03099996248354131
1729867612.60258,-2.2029998938189905,-1.7271001974688929,-1.6007002035724085,-0.8079999128924769,1.5951000452041626,-0.03099996248354131
1729867612.6109223,-2.2029998938189905,-1.7271001974688929,-1.6007002035724085,-0.8079999128924769,1.5951000452041626,-0.03099996248354131
1729867612.6198587,-2.2029998938189905,-1.7271001974688929,-1.6007002035724085,-0.8079999128924769,1.5951000452041626,-0.03099996248354131
1729867612.6283376,-2.2029998938189905,-1.7271001974688929,-1.6007002035724085,-0.8079999128924769,1.5951000452041626,-0.03099996248354131
1729867612.6367767,-2.2029998938189905,-1.7271001974688929,-1.6007002035724085,-0.8079999128924769,1.5951000452041626,-0.03099996248354131
1729867612.6451836,-2.2029998938189905,-1.7271001974688929,-1.6007002035724085,-0.8079999128924769,1.5951000452041626,-0.03099996248354131
1729867612.6535642,-2.2029998938189905,-1.7271001974688929,-1.6007002035724085,-0.8079999128924769,1.5951000452041626,-0.03099996248354131
1729867612.6618493,-2.2029998938189905,-1.7271001974688929,-1.6007002035724085,-0.8079999128924769,1.5951000452041626,-0.03099996248354131
1729867612.670239,-2.2029998938189905,-1.7271001974688929,-1.6007002035724085,-0.8079999128924769,1.5951000452041626,-0.03099996248354131
1729867612.6787026,-2.2029998938189905,-1.7271001974688929,-1.6007002035724085,-0.8079999128924769,1.5951000452041626,-0.03099996248354131
1729867612.687707,-2.2029998938189905,-1.7271001974688929,-1.6007002035724085,-0.8079999128924769,1.5951000452041626,-0.03099996248354131
1729867612.6956441,-2.2029998938189905,-1.7271001974688929,-1.6007002035724085,-0.8079999128924769,1.5951000452041626,-0.03099996248354131
1729867612.7040334,-2.2029998938189905,-1.7271001974688929,-1.6007002035724085,-0.8079999128924769,1.5951000452041626,-0.03099996248354131
1729867612.7124639,-2.2029998938189905,-1.7271001974688929,-1.6007002035724085,-0.8079999128924769,1.5951000452041626,-0.03099996248354131
1729867612.720887,-2.2029998938189905,-1.7271001974688929,-1.6007002035724085,-0.8079999128924769,1.5951000452041626,-0.03099996248354131
1729867612.7291722,-2.2029998938189905,-1.7271001974688929,-1.6007002035724085,-0.8079999128924769,1.5951000452041626,-0.03099996248354131
1729867612.7375903,-2.2029998938189905,-1.7271001974688929,-1.6007002035724085,-0.8079999128924769,1.5951000452041626,-0.03099996248354131
1729867612.7466586,-2.2029998938189905,-1.7271001974688929,-1.6007002035724085,-0.8079999128924769,1.5951000452041626,-0.03099996248354131
1729867612.754452,-2.2029998938189905,-1.7271001974688929,-1.6007002035724085,-0.8079999128924769,1.5951000452041626,-0.03099996248354131
1729867612.7628446,-2.2029998938189905,-1.7271001974688929,-1.6007002035724085,-0.8079999128924769,1.5951000452041626,-0.03099996248354131
1729867612.7712955,-2.2029998938189905,-1.7271001974688929,-1.6007002035724085,-0.8079999128924769,1.5951000452041626,-0.03099996248354131
1729867612.7797709,-2.2029998938189905,-1.7271001974688929,-1.6007002035724085,-0.8079999128924769,1.5951000452041626,-0.03099996248354131
1729867612.7881947,-2.2029998938189905,-1.7271001974688929,-1.6007002035724085,-0.8079999128924769,1.5951000452041626,-0.03099996248354131
1729867612.7966192,-2.2029998938189905,-1.7271001974688929,-1.6007002035724085,-0.8079999128924769,1.5951000452041626,-0.03099996248354131
1729867612.805039,-2.2029998938189905,-1.7271001974688929,-1.6007002035724085,-0.8079999128924769,1.5951000452041626,-0.03099996248354131
1729867612.8134682,-2.2029998938189905,-1.7271001974688929,-1.6007002035724085,-0.8079999128924769,1.5951000452041626,-0.03099996248354131
1729867612.8212864,-2.2029998938189905,-1.7271001974688929,-1.6007002035724085,-0.8079999128924769,1.5951000452041626,-0.03099996248354131
1729867612.8302953,-2.2029998938189905,-1.7271001974688929,-1.6007002035724085,-0.8079999128924769,1.5951000452041626,-0.03099996248354131
1729867612.8386748,-2.2029998938189905,-1.7271001974688929,-1.6007002035724085,-0.8079999128924769,1.5951000452041626,-0.03099996248354131
1729867612.8471766,-2.2029998938189905,-1.7271001974688929,-1.6007002035724085,-0.8079999128924769,1.5951000452041626,-0.03099996248354131
1729867612.8550994,-2.2029998938189905,-1.7271001974688929,-1.6007002035724085,-0.8079999128924769,1.5951000452041626,-0.03099996248354131
1729867612.8635464,-2.2029998938189905,-1.7271001974688929,-1.6007002035724085,-0.8079999128924769,1.5951000452041626,-0.03099996248354131
1729867612.8720903,-2.2029998938189905,-1.7271001974688929,-1.6007002035724085,-0.8079999128924769,1.5951000452041626,-0.03099996248354131
1729867612.8807156,-2.2029998938189905,-1.7271001974688929,-1.6007002035724085,-0.8079999128924769,1.5951000452041626,-0.03099996248354131
1729867612.8890805,-2.2029998938189905,-1.7271001974688929,-1.6007002035724085,-0.8079999128924769,1.5951000452041626,-0.03099996248354131
1729867612.8976603,-2.2029998938189905,-1.7271001974688929,-1.6007002035724085,-0.8079999128924769,1.5951000452041626,-0.03099996248354131
1729867612.9055145,-2.2029998938189905,-1.7271001974688929,-1.6007002035724085,-0.8079999128924769,1.5951000452041626,-0.03099996248354131
1729867612.9140203,-2.2029998938189905,-1.7271001974688929,-1.6007002035724085,-0.8079999128924769,1.5951000452041626,-0.03099996248354131
1729867612.922439,-2.2029998938189905,-1.7271001974688929,-1.6007002035724085,-0.8079999128924769,1.5951000452041626,-0.03099996248354131
1729867612.9309673,-2.2029998938189905,-1.7271001974688929,-1.6007002035724085,-0.8079999128924769,1.5951000452041626,-0.03099996248354131
1729867612.9393492,-2.2029998938189905,-1.7271001974688929,-1.6007002035724085,-0.8079999128924769,1.5951000452041626,-0.03099996248354131
1729867612.9477768,-2.2029998938189905,-1.7271001974688929,-1.6007002035724085,-0.8079999128924769,1.5951000452041626,-0.03099996248354131
1729867612.956127,-2.2029998938189905,-1.7271001974688929,-1.6007002035724085,-0.8079999128924769,1.5951000452041626,-0.03099996248354131
1729867612.9645529,-2.2029998938189905,-1.7271001974688929,-1.6007002035724085,-0.8079999128924769,1.5951000452041626,-0.03099996248354131
1729867612.9736311,-2.2029998938189905,-1.7271001974688929,-1.6007002035724085,-0.8079999128924769,1.5951000452041626,-0.03099996248354131
1729867612.982002,-2.2029998938189905,-1.7271001974688929,-1.6007002035724085,-0.8079999128924769,1.5951000452041626,-0.03099996248354131
1729867612.9903202,-2.2029998938189905,-1.7271001974688929,-1.6007002035724085,-0.8079999128924769,1.5951000452041626,-0.03099996248354131
1729867612.9988298,-2.2029998938189905,-1.7271001974688929,-1.6007002035724085,-0.8079999128924769,1.5951000452041626,-0.03099996248354131
1729867613.0073462,-2.2029998938189905,-1.7271001974688929,-1.6007002035724085,-0.8079999128924769,1.5951000452041626,-0.03099996248354131
1729867613.0157318,-2.2029998938189905,-1.7271001974688929,-1.6007002035724085,-0.8079999128924769,1.5951000452041626,-0.03099996248354131
1729867613.024148,-2.2029998938189905,-1.7271001974688929,-1.6007002035724085,-0.8079999128924769,1.5951000452041626,-0.03099996248354131
1729867613.0326364,-2.2029998938189905,-1.7271001974688929,-1.6007002035724085,-0.8079999128924769,1.5951000452041626,-0.03099996248354131
1729867613.0410368,-2.2029998938189905,-1.7271001974688929,-1.6007002035724085,-0.8079999128924769,1.5951000452041626,-0.03099996248354131
1729867613.0494657,-2.2029998938189905,-1.7271001974688929,-1.6007002035724085,-0.8079999128924769,1.5951000452041626,-0.03099996248354131
1729867613.0572462,-2.2029998938189905,-1.7271001974688929,-1.6007002035724085,-0.8079999128924769,1.5951000452041626,-0.03099996248354131
1729867613.0662415,-2.2029998938189905,-1.7271001974688929,-1.6007002035724085,-0.8079999128924769,1.5951000452041626,-0.03099996248354131
1729867613.074689,-2.2029998938189905,-1.7271001974688929,-1.6007002035724085,-0.8079999128924769,1.5951000452041626,-0.03099996248354131
1729867613.0836737,-2.2029998938189905,-1.7271001974688929,-1.6007002035724085,-0.8079999128924769,1.5951000452041626,-0.03099996248354131
1729867613.0921116,-2.2029998938189905,-1.7271001974688929,-1.6007002035724085,-0.8079999128924769,1.5951000452041626,-0.03099996248354131
1729867613.1005676,-2.2029998938189905,-1.7271001974688929,-1.6007002035724085,-0.8079999128924769,1.5951000452041626,-0.03099996248354131
1729867613.108456,-2.2029998938189905,-1.7271001974688929,-1.6007002035724085,-0.8079999128924769,1.5951000452041626,-0.03099996248354131
1729867613.1169622,-2.2029998938189905,-1.7271001974688929,-1.6007002035724085,-0.8079999128924769,1.5951000452041626,-0.03099996248354131
1729867613.1252012,-2.2029998938189905,-1.7271001974688929,-1.6007002035724085,-0.8079999128924769,1.5951000452041626,-0.03099996248354131
1729867613.1337147,-2.2029998938189905,-1.7271001974688929,-1.6007002035724085,-0.8079999128924769,1.5951000452041626,-0.03099996248354131
1729867613.1420121,-2.2029998938189905,-1.7271001974688929,-1.6007002035724085,-0.8079999128924769,1.5951000452041626,-0.03099996248354131
1729867613.150366,-2.2029998938189905,-1.7271001974688929,-1.6007002035724085,-0.8079999128924769,1.5951000452041626,-0.03099996248354131
1729867613.1588333,-2.2029998938189905,-1.7271001974688929,-1.6007002035724085,-0.8079999128924769,1.5951000452041626,-0.03099996248354131
1729867613.1672044,-2.2029998938189905,-1.7271001974688929,-1.6007002035724085,-0.8079999128924769,1.5951000452041626,-0.03099996248354131
1729867613.1756928,-2.2029998938189905,-1.7271001974688929,-1.6007002035724085,-0.8079999128924769,1.5951000452041626,-0.03099996248354131
1729867613.1836364,-2.2029998938189905,-1.7271001974688929,-1.6007002035724085,-0.8079999128924769,1.5951000452041626,-0.03099996248354131
1729867613.1920524,-2.2029998938189905,-1.7271001974688929,-1.6007002035724085,-0.8079999128924769,1.5951000452041626,-0.03099996248354131
1729867613.2003455,-2.2029998938189905,-1.7271001974688929,-1.6007002035724085,-0.8079999128924769,1.5951000452041626,-0.03099996248354131
1729867613.2087533,-2.2029998938189905,-1.7271001974688929,-1.6007002035724085,-0.8079999128924769,1.5951000452041626,-0.03099996248354131
1729867613.2171628,-2.2029998938189905,-1.7271001974688929,-1.6007002035724085,-0.8079999128924769,1.5951000452041626,-0.03099996248354131
1729867613.2254946,-2.2029998938189905,-1.7271001974688929,-1.6007002035724085,-0.8079999128924769,1.5951000452041626,-0.03099996248354131
1729867613.233973,-2.2029998938189905,-1.7271001974688929,-1.6007002035724085,-0.8079999128924769,1.5951000452041626,-0.03099996248354131
1729867613.2424045,-2.2029998938189905,-1.7271001974688929,-1.6007002035724085,-0.8079999128924769,1.5951000452041626,-0.03099996248354131
1729867613.2507758,-2.2029998938189905,-1.7271001974688929,-1.6007002035724085,-0.8079999128924769,1.5951000452041626,-0.03099996248354131
1729867613.2592084,-2.2029998938189905,-1.7271001974688929,-1.6007002035724085,-0.8079999128924769,1.5951000452041626,-0.03099996248354131
1729867613.2676313,-2.2029998938189905,-1.7271001974688929,-1.6007002035724085,-0.8079999128924769,1.5951000452041626,-0.03099996248354131
1729867613.27605,-2.2029998938189905,-1.7271001974688929,-1.6007002035724085,-0.8079999128924769,1.5951000452041626,-0.03099996248354131
1729867613.2844386,-2.2029998938189905,-1.7271001974688929,-1.6007002035724085,-0.8079999128924769,1.5951000452041626,-0.03099996248354131
1729867613.2928412,-2.2029998938189905,-1.7271001974688929,-1.6007002035724085,-0.8079999128924769,1.5951000452041626,-0.03099996248354131
1729867613.3011737,-2.2029998938189905,-1.7271001974688929,-1.6007002035724085,-0.8079999128924769,1.5951000452041626,-0.03099996248354131
1729867613.309637,-2.2029998938189905,-1.7271001974688929,-1.6007002035724085,-0.8079999128924769,1.5951000452041626,-0.03099996248354131
1729867613.3179867,-2.2029998938189905,-1.7271001974688929,-1.6007002035724085,-0.8079999128924769,1.5951000452041626,-0.03099996248354131
1729867613.3263474,-2.2029998938189905,-1.7271001974688929,-1.6007002035724085,-0.8079999128924769,1.5951000452041626,-0.03099996248354131
1729867613.3347526,-2.2029998938189905,-1.7271001974688929,-1.6007002035724085,-0.8079999128924769,1.5951000452041626,-0.03099996248354131
1729867613.3431518,-2.2029998938189905,-1.7271001974688929,-1.6007002035724085,-0.8079999128924769,1.5951000452041626,-0.03099996248354131
